TYPE;PSEUDO;DATE;MSG;
3;a;22/05/2024 16:16:31;a a vu votre profil
3;a;22/05/2024 16:16:38;a a vu votre profil
1;a;22-05-2024 16:30:20;a vous a envoyé un message.
1;a;22-05-2024 16:31:04;a vous a envoyé un message.
1;a;22-05-2024 16:31:18;a vous a envoyé un message.
1;a;22/05/2024 16:31:31;a vous a envoyé un message.
1;a;22/05/2024 16:52:45;a vous à liké !
1;a;22/05/2024 16:53:17;a vous à liké !
1;a;22/05/2024 16:53:18;a vous à liké !
1;a;22/05/2024 16:53:34;a vous à liké !
3;a;22/05/2024 17:04:31;a a vu votre profil
1;a;22/05/2024 17:05:18;a vous à liké !
1;a;22/05/2024 17:07:25;a vous à liké !
3;a;22/05/2024 17:11:42;a a vu votre profil
3;a;22/05/2024 17:11:55;a a vu votre profil
1;a;22/05/2024 17:12:18;a vous à liké !
3;a;22/05/2024 17:12:31;a a vu votre profil
3;a;22/05/2024 17:12:45;a a vu votre profil
3;a;22/05/2024 17:12:45;a a vu votre profil
3;a;22/05/2024 17:12:45;a a vu votre profil
3;a;22/05/2024 17:12:45;a a vu votre profil
3;a;22/05/2024 17:12:45;a a vu votre profil
3;a;22/05/2024 17:12:45;a a vu votre profil
3;a;22/05/2024 17:12:45;a a vu votre profil
3;a;22/05/2024 17:12:45;a a vu votre profil
3;a;22/05/2024 17:12:45;a a vu votre profil
3;a;22/05/2024 17:12:45;a a vu votre profil
3;a;22/05/2024 17:12:45;a a vu votre profil
3;a;22/05/2024 17:12:45;a a vu votre profil
3;a;22/05/2024 17:12:45;a a vu votre profil
3;a;22/05/2024 17:14:11;a a vu votre profil
3;a;22/05/2024 17:14:38;a a vu votre profil
3;a;22/05/2024 17:16:35;a a vu votre profil
3;a;22/05/2024 17:16:35;a a vu votre profil
3;a;22/05/2024 17:16:35;a a vu votre profil
3;a;22/05/2024 17:16:35;a a vu votre profil
3;a;22/05/2024 17:16:35;a a vu votre profil
3;a;22/05/2024 17:18:59;a a vu votre profil
3;a;22/05/2024 17:18:59;a a vu votre profil
3;a;22/05/2024 17:18:59;a a vu votre profil
3;a;22/05/2024 17:18:59;a a vu votre profil
3;a;22/05/2024 17:18:59;a a vu votre profil
3;a;22/05/2024 17:42:25;a a vu votre profil
3;a;22/05/2024 17:42:25;a a vu votre profil
3;a;22/05/2024 17:42:25;a a vu votre profil
3;a;22/05/2024 17:42:25;a a vu votre profil
3;a;22/05/2024 17:42:25;a a vu votre profil
3;a;22/05/2024 17:52:17;a a vu votre profil
3;a;07/06/2024 00:53:22;a a vu votre profil
3;a;07/06/2024 01:00:46;a a vu votre profil
3;a;07/06/2024 01:24:51;a a vu votre profil
3;a;07/06/2024 01:32:47;a a vu votre profil
3;a;07/06/2024 01:37:56;a a vu votre profil
